{
  "Infiltration": 0.4800000000000001,
  "Effusion": 0.5400000000000001,
  "Atelectasis": 0.5800000000000002,
  "Nodule": 0.6300000000000001,
  "Mass": 0.6600000000000001,
  "Pneumothorax": 0.6900000000000002
}